key,name,i-a-t-a-code,scope,city,country,website,email,phone-number
# Base entity
airport-01,Lorem ipsum dolor sit ame,ESP,INTERNATIONAL,Lorem ipsum dolor sit ame,Lorem ipsum dolor sit ame,http://lorem.com/ipsum,acme@lorem-ipsum.org,78657687
# name - standard variations
airport-02,L,AAB,INTERNATIONAL,Lorem ipsum dolor sit ame,Lorem ipsum dolor sit ame,http://lorem.com/ipsum,acme@lorem-ipsum.org,78657687
airport-03,Lo,AAC,INTERNATIONAL,Lorem ipsum dolor sit ame,Lorem ipsum dolor sit ame,http://lorem.com/ipsum,acme@lorem-ipsum.org,78657687
airport-04,"Lorem ipsum dolor sit amet,consectetur adipiscin",AAD,INTERNATIONAL,Lorem ipsum dolor sit ame,Lorem ipsum dolor sit ame,http://lorem.com/ipsum,acme@lorem-ipsum.org,78657687
airport-05,"Lorem ipsum dolor sit amet, consectetur adipiscing",AAE,INTERNATIONAL,Lorem ipsum dolor sit ame,Lorem ipsum dolor sit ame,http://lorem.com/ipsum,acme@lorem-ipsum.org,78657687
airport-06,โลเร็ม อิปซัม,AAF,INTERNATIONAL,Lorem ipsum dolor sit ame,Lorem ipsum dolor sit ame,http://lorem.com/ipsum,acme@lorem-ipsum.org,78657687
airport-07,لوريم إيبسوم,AAG,INTERNATIONAL,Lorem ipsum dolor sit ame,Lorem ipsum dolor sit ame,http://lorem.com/ipsum,acme@lorem-ipsum.org,78657687
airport-08,洛伦·伊普森,AAH,INTERNATIONAL,Lorem ipsum dolor sit ame,Lorem ipsum dolor sit ame,http://lorem.com/ipsum,acme@lorem-ipsum.org,78657687
airport-09,<marquee>Hacked</marquee>,AAI,INTERNATIONAL,Lorem ipsum dolor sit ame,Lorem ipsum dolor sit ame,http://lorem.com/ipsum,acme@lorem-ipsum.org,78657687
airport-10,<script>alert(‘Hacked!’);</script>,AAJ,INTERNATIONAL,Lorem ipsum dolor sit ame,Lorem ipsum dolor sit ame,http://lorem.com/ipsum,acme@lorem-ipsum.org,78657687
airport-11,' or 'A' = 'A,AAK,INTERNATIONAL,Lorem ipsum dolor sit ame,Lorem ipsum dolor sit ame,http://lorem.com/ipsum,acme@lorem-ipsum.org,78657687
# name - no singular values
# iata-code - standard variations / singular values
airport-12,Lorem ipsum dolor sit ame,AAA,INTERNATIONAL,Lorem ipsum dolor sit ame,Lorem ipsum dolor sit ame,http://lorem.com/ipsum,acme@lorem-ipsum.org,78657687
airport-13,Lorem ipsum dolor sit ame,AAZ,INTERNATIONAL,Lorem ipsum dolor sit ame,Lorem ipsum dolor sit ame,http://lorem.com/ipsum,acme@lorem-ipsum.org,78657687
airport-14,Lorem ipsum dolor sit ame,AAM,INTERNATIONAL,Lorem ipsum dolor sit ame,Lorem ipsum dolor sit ame,http://lorem.com/ipsum,acme@lorem-ipsum.org,78657687
airport-15,Lorem ipsum dolor sit ame,AZA,INTERNATIONAL,Lorem ipsum dolor sit ame,Lorem ipsum dolor sit ame,http://lorem.com/ipsum,acme@lorem-ipsum.org,78657687
airport-16,Lorem ipsum dolor sit ame,AMA,INTERNATIONAL,Lorem ipsum dolor sit ame,Lorem ipsum dolor sit ame,http://lorem.com/ipsum,acme@lorem-ipsum.org,78657687
airport-17,Lorem ipsum dolor sit ame,ZAA,INTERNATIONAL,Lorem ipsum dolor sit ame,Lorem ipsum dolor sit ame,http://lorem.com/ipsum,acme@lorem-ipsum.org,78657687
airport-18,Lorem ipsum dolor sit ame,MAA,INTERNATIONAL,Lorem ipsum dolor sit ame,Lorem ipsum dolor sit ame,http://lorem.com/ipsum,acme@lorem-ipsum.org,78657687
airport-19,Lorem ipsum dolor sit ame,ZZZ,INTERNATIONAL,Lorem ipsum dolor sit ame,Lorem ipsum dolor sit ame,http://lorem.com/ipsum,acme@lorem-ipsum.org,78657687
airport-20,Lorem ipsum dolor sit ame,MMM,INTERNATIONAL,Lorem ipsum dolor sit ame,Lorem ipsum dolor sit ame,http://lorem.com/ipsum,acme@lorem-ipsum.org,78657687
# scope - standard variations
airport-21,Lorem ipsum dolor sit ame,AAL,DOMESTIC,Lorem ipsum dolor sit ame,Lorem ipsum dolor sit ame,http://lorem.com/ipsum,acme@lorem-ipsum.org,78657687
airport-22,Lorem ipsum dolor sit ame,AAN,REGIONAL,Lorem ipsum dolor sit ame,Lorem ipsum dolor sit ame,http://lorem.com/ipsum,acme@lorem-ipsum.org,78657687
# scope - no singular values
# city - standard variations
airport-23,Lorem ipsum dolor sit ame,AAO,INTERNATIONAL,L,Lorem ipsum dolor sit ame,http://lorem.com/ipsum,acme@lorem-ipsum.org,78657687
airport-24,Lorem ipsum dolor sit ame,AAP,INTERNATIONAL,Lo,Lorem ipsum dolor sit ame,http://lorem.com/ipsum,acme@lorem-ipsum.org,78657687
airport-25,Lorem ipsum dolor sit ame,AAQ,INTERNATIONAL,"Lorem ipsum dolor sit amet, consectetur adipiscin",Lorem ipsum dolor sit ame,http://lorem.com/ipsum,acme@lorem-ipsum.org,78657687
airport-26,Lorem ipsum dolor sit ame,AAR,INTERNATIONAL,"Lorem ipsum dolor sit amet, consectetur adipiscing",Lorem ipsum dolor sit ame,http://lorem.com/ipsum,acme@lorem-ipsum.org,78657687
airport-27,Lorem ipsum dolor sit ame,AAS,INTERNATIONAL,โลเร็ม อิปซัม,Lorem ipsum dolor sit ame,http://lorem.com/ipsum,acme@lorem-ipsum.org,78657687
airport-28,Lorem ipsum dolor sit ame,AAT,INTERNATIONAL,لوريم إيبسوم,Lorem ipsum dolor sit ame,http://lorem.com/ipsum,acme@lorem-ipsum.org,78657687
airport-29,Lorem ipsum dolor sit ame,AAU,INTERNATIONAL,洛伦·伊普森,Lorem ipsum dolor sit ame,http://lorem.com/ipsum,acme@lorem-ipsum.org,78657687
airport-30,Lorem ipsum dolor sit ame,AAV,INTERNATIONAL,<marquee>Hacked</marquee>,Lorem ipsum dolor sit ame,http://lorem.com/ipsum,acme@lorem-ipsum.org,78657687
airport-31,Lorem ipsum dolor sit ame,AAW,INTERNATIONAL,<script>alert(‘Hacked!’);</script>,Lorem ipsum dolor sit ame,http://lorem.com/ipsum,acme@lorem-ipsum.org,78657687
airport-32,Lorem ipsum dolor sit ame,AAX,INTERNATIONAL,' or 'A' = 'A,Lorem ipsum dolor sit ame,http://lorem.com/ipsum,acme@lorem-ipsum.org,78657687
# city - no singular values
# country - standard variations
airport-33,Lorem ipsum dolor sit ame,AAY,INTERNATIONAL,Lorem ipsum dolor sit ame,L,http://lorem.com/ipsum,acme@lorem-ipsum.org,78657687
airport-34,Lorem ipsum dolor sit ame,ABA,INTERNATIONAL,Lorem ipsum dolor sit ame,Lo,http://lorem.com/ipsum,acme@lorem-ipsum.org,78657687
airport-35,Lorem ipsum dolor sit ame,ABB,INTERNATIONAL,Lorem ipsum dolor sit ame,"Lorem ipsum dolor sit amet, consectetur adipiscin",http://lorem.com/ipsum,acme@lorem-ipsum.org,78657687
airport-36,Lorem ipsum dolor sit ame,ABC,INTERNATIONAL,Lorem ipsum dolor sit ame,"Lorem ipsum dolor sit amet, consectetur adipiscing",http://lorem.com/ipsum,acme@lorem-ipsum.org,78657687
airport-37,Lorem ipsum dolor sit ame,ABD,INTERNATIONAL,Lorem ipsum dolor sit ame,โลเร็ม อิปซัม,http://lorem.com/ipsum,acme@lorem-ipsum.org,78657687
airport-38,Lorem ipsum dolor sit ame,ABE,INTERNATIONAL,Lorem ipsum dolor sit ame,لوريم إيبسوم,http://lorem.com/ipsum,acme@lorem-ipsum.org,78657687
airport-39,Lorem ipsum dolor sit ame,ABF,INTERNATIONAL,Lorem ipsum dolor sit ame,洛伦·伊普森,http://lorem.com/ipsum,acme@lorem-ipsum.org,78657687
airport-40,Lorem ipsum dolor sit ame,ABG,INTERNATIONAL,Lorem ipsum dolor sit ame,<marquee>Hacked</marquee>,http://lorem.com/ipsum,acme@lorem-ipsum.org,78657687
airport-41,Lorem ipsum dolor sit ame,ABH,INTERNATIONAL,Lorem ipsum dolor sit ame,<script>alert(‘Hacked!’);</script>,http://lorem.com/ipsum,acme@lorem-ipsum.org,78657687
airport-42,Lorem ipsum dolor sit ame,ABI,INTERNATIONAL,Lorem ipsum dolor sit ame,' or 'A' = 'A,http://lorem.com/ipsum,acme@lorem-ipsum.org,78657687
# country - no singular values
# website - standard variations
airport-43,Lorem ipsum dolor sit ame,ABJ,INTERNATIONAL,Lorem ipsum dolor sit ame,Lorem ipsum dolor sit ame,https://a,acme@lorem-ipsum.org,78657687
airport-44,Lorem ipsum dolor sit ame,ABK,INTERNATIONAL,Lorem ipsum dolor sit ame,Lorem ipsum dolor sit ame,https://a.b,acme@lorem-ipsum.org,78657687
airport-45,Lorem ipsum dolor sit ame,ABL,INTERNATIONAL,Lorem ipsum dolor sit ame,Lorem ipsum dolor sit ame,"http://www.lorem-ipsum.org/dolor/sit/amet,/consectetur/adipiscing/elit,/sed/do/eiusmod/tempor/incididunt/ut/labore/et/dolore/magna/aliqua/Ut/enim/ad/minim/veniam/quis/nostrud/exercitation/ullamco/laboris/nisi/ut/aliquip/ex/ea/commodo/consequat/duis/aute/",acme@lorem-ipsum.org,78657687
airport-46,Lorem ipsum dolor sit ame,ABM,INTERNATIONAL,Lorem ipsum dolor sit ame,Lorem ipsum dolor sit ame,"http://www.lorem-ipsum.org/dolor/sit/amet,/consectetur/adipiscing/elit,/sed/do/eiusmod/tempor/incididunt/ut/labore/et/dolore/magna/aliqua/Ut/enim/ad/minim/veniam/quis/nostrud/exercitation/ullamco/laboris/nisi/ut/aliquip/ex/ea/commodo/consequat/duis/aute/X",acme@lorem-ipsum.org,78657687
airport-47,Lorem ipsum dolor sit ame,ABN,INTERNATIONAL,Lorem ipsum dolor sit ame,Lorem ipsum dolor sit ame,https://www.lorem-ipsum.org,acme@lorem-ipsum.org,78657687
airport-48,Lorem ipsum dolor sit ame,ABO,INTERNATIONAL,Lorem ipsum dolor sit ame,Lorem ipsum dolor sit ame,https://www.lorem-ipsum.org,acme@lorem-ipsum.org,78657687
airport-49,Lorem ipsum dolor sit ame,ABP,INTERNATIONAL,Lorem ipsum dolor sit ame,Lorem ipsum dolor sit ame,http://www.lorem-ipsum.org/dolor/sit.html,acme@lorem-ipsum.org,78657687
airport-50,Lorem ipsum dolor sit ame,ABQ,INTERNATIONAL,Lorem ipsum dolor sit ame,Lorem ipsum dolor sit ame,http://www.lorem-ipsum.org/dolor/sit.html#dolor,acme@lorem-ipsum.org,78657687
airport-51,Lorem ipsum dolor sit ame,ABR,INTERNATIONAL,Lorem ipsum dolor sit ame,Lorem ipsum dolor sit ame,http://example.org?a=1&b=2,acme@lorem-ipsum.org,78657687
airport-52,Lorem ipsum dolor sit ame,ABS,INTERNATIONAL,Lorem ipsum dolor sit ame,Lorem ipsum dolor sit ame,http://example.org?,acme@lorem-ipsum.org,78657687
airport-53,Lorem ipsum dolor sit ame,ABT,INTERNATIONAL,Lorem ipsum dolor sit ame,Lorem ipsum dolor sit ame,http://example.org?a,acme@lorem-ipsum.org,78657687
airport-54,Lorem ipsum dolor sit ame,ABU,INTERNATIONAL,Lorem ipsum dolor sit ame,Lorem ipsum dolor sit ame,http://example.org?a&b,acme@lorem-ipsum.org,78657687
airport-55,Lorem ipsum dolor sit ame,ABV,INTERNATIONAL,Lorem ipsum dolor sit ame,Lorem ipsum dolor sit ame,http://example.org/,acme@lorem-ipsum.org,78657687
airport-56,Lorem ipsum dolor sit ame,ABW,INTERNATIONAL,Lorem ipsum dolor sit ame,Lorem ipsum dolor sit ame,http://example.org/a,acme@lorem-ipsum.org,78657687
airport-57,Lorem ipsum dolor sit ame,ABX,INTERNATIONAL,Lorem ipsum dolor sit ame,Lorem ipsum dolor sit ame,http://example.org/a/b,acme@lorem-ipsum.org,78657687
airport-58,Lorem ipsum dolor sit ame,ABY,INTERNATIONAL,Lorem ipsum dolor sit ame,Lorem ipsum dolor sit ame,http://example.org/a/b?,acme@lorem-ipsum.org,78657687
airport-59,Lorem ipsum dolor sit ame,ABZ,INTERNATIONAL,Lorem ipsum dolor sit ame,Lorem ipsum dolor sit ame,http://example.org/a/b?a&b,acme@lorem-ipsum.org,78657687
airport-60,Lorem ipsum dolor sit ame,ACA,INTERNATIONAL,Lorem ipsum dolor sit ame,Lorem ipsum dolor sit ame,null,acme@lorem-ipsum.org,78657687
# website - no singular values
# email - standard variations
airport-62,Lorem ipsum dolor sit ame,ACC,INTERNATIONAL,Lorem ipsum dolor sit ame,Lorem ipsum dolor sit ame,http://lorem.com/ipsum,a@b.e,78657687
airport-63,Lorem ipsum dolor sit ame,ACD,INTERNATIONAL,Lorem ipsum dolor sit ame,Lorem ipsum dolor sit ame,http://lorem.com/ipsum,a@b.es,78657687
airport-64,Lorem ipsum dolor sit ame,ACE,INTERNATIONAL,Lorem ipsum dolor sit ame,Lorem ipsum dolor sit ame,http://lorem.com/ipsum,a@b.esx,78657687
airport-65,Lorem ipsum dolor sit ame,ACF,INTERNATIONAL,Lorem ipsum dolor sit ame,Lorem ipsum dolor sit ame,http://lorem.com/ipsum,lorem-ipsum@dolor.sit.amet.consectetur.adipiscing.elit.sed.do.eiusmod.tempor.incididunt.ut.labore.et.dolore.magna.aliqua.Ut.enim.ad.minim.veniam.quis.nostrud.exercitation.ullamco.laboris.nisi.ut.aliquip.ex.ea.commodo.consequat.duis.aute.irure.doloris.edu,78657687
airport-66,Lorem ipsum dolor sit ame,ACG,INTERNATIONAL,Lorem ipsum dolor sit ame,Lorem ipsum dolor sit ame,http://lorem.com/ipsum,lorem-ipsum@dolor.sit.amet.consectetur.adipiscing.elit.sed.do.eiusmod.tempor.incididunt.ut.labore.et.dolore.magna.aliqua.Ut.enim.ad.minim.veniam.quis.nostrud.exercitation.ullamco.laboris.nisi.ut.aliquip.ex.ea.commodo.consequat.duis.aute.irure.dolor.es.org,78657687
airport-67,Lorem ipsum dolor sit ame,ACH,INTERNATIONAL,Lorem ipsum dolor sit ame,Lorem ipsum dolor sit ame,http://lorem.com/ipsum,null,78657687
# email - no singular values
# phone-number - standard variations
airport-68,Lorem ipsum dolor sit ame,ACI,INTERNATIONAL,Lorem ipsum dolor sit ame,Lorem ipsum dolor sit ame,http://lorem.com/ipsum,acme@lorem-ipsum.org,123456
airport-69,Lorem ipsum dolor sit ame,ACJ,INTERNATIONAL,Lorem ipsum dolor sit ame,Lorem ipsum dolor sit ame,http://lorem.com/ipsum,acme@lorem-ipsum.org,1234567
airport-70,Lorem ipsum dolor sit ame,ACK,INTERNATIONAL,Lorem ipsum dolor sit ame,Lorem ipsum dolor sit ame,http://lorem.com/ipsum,acme@lorem-ipsum.org,12345678901234
airport-71,Lorem ipsum dolor sit ame,ACL,INTERNATIONAL,Lorem ipsum dolor sit ame,Lorem ipsum dolor sit ame,http://lorem.com/ipsum,acme@lorem-ipsum.org,123456789012345
airport-72,Lorem ipsum dolor sit ame,ACM,INTERNATIONAL,Lorem ipsum dolor sit ame,Lorem ipsum dolor sit ame,http://lorem.com/ipsum,acme@lorem-ipsum.org,+123456
airport-73,Lorem ipsum dolor sit ame,ACN,INTERNATIONAL,Lorem ipsum dolor sit ame,Lorem ipsum dolor sit ame,http://lorem.com/ipsum,acme@lorem-ipsum.org,+1234567
airport-74,Lorem ipsum dolor sit ame,ACO,INTERNATIONAL,Lorem ipsum dolor sit ame,Lorem ipsum dolor sit ame,http://lorem.com/ipsum,acme@lorem-ipsum.org,+12345678901234
airport-75,Lorem ipsum dolor sit ame,ACP,INTERNATIONAL,Lorem ipsum dolor sit ame,Lorem ipsum dolor sit ame,http://lorem.com/ipsum,acme@lorem-ipsum.org,+123456789012345
airport-76,Lorem ipsum dolor sit ame,ACQ,INTERNATIONAL,Lorem ipsum dolor sit ame,Lorem ipsum dolor sit ame,http://lorem.com/ipsum,acme@lorem-ipsum.org,000000
airport-77,Lorem ipsum dolor sit ame,ACR,INTERNATIONAL,Lorem ipsum dolor sit ame,Lorem ipsum dolor sit ame,http://lorem.com/ipsum,acme@lorem-ipsum.org,999999
airport-78,Lorem ipsum dolor sit ame,ACS,INTERNATIONAL,Lorem ipsum dolor sit ame,Lorem ipsum dolor sit ame,http://lorem.com/ipsum,acme@lorem-ipsum.org,000000000000000
airport-79,Lorem ipsum dolor sit ame,ACT,INTERNATIONAL,Lorem ipsum dolor sit ame,Lorem ipsum dolor sit ame,http://lorem.com/ipsum,acme@lorem-ipsum.org,999999999999999
airport-80,Lorem ipsum dolor sit ame,ACU,INTERNATIONAL,Lorem ipsum dolor sit ame,Lorem ipsum dolor sit ame,http://lorem.com/ipsum,acme@lorem-ipsum.org,+000000
airport-81,Lorem ipsum dolor sit ame,ACV,INTERNATIONAL,Lorem ipsum dolor sit ame,Lorem ipsum dolor sit ame,http://lorem.com/ipsum,acme@lorem-ipsum.org,+999999
airport-82,Lorem ipsum dolor sit ame,ACW,INTERNATIONAL,Lorem ipsum dolor sit ame,Lorem ipsum dolor sit ame,http://lorem.com/ipsum,acme@lorem-ipsum.org,+000000000000000
airport-83,Lorem ipsum dolor sit ame,ACX,INTERNATIONAL,Lorem ipsum dolor sit ame,Lorem ipsum dolor sit ame,http://lorem.com/ipsum,acme@lorem-ipsum.org,+999999999999999
airport-84,Lorem ipsum dolor sit ame,ACY,INTERNATIONAL,Lorem ipsum dolor sit ame,Lorem ipsum dolor sit ame,http://lorem.com/ipsum,acme@lorem-ipsum.org,null
